,Time-s,MFM-sig,MFM-flow
07.02.2023 ; 09:28:40,1060,2319,3.623217
07.02.2023 ; 09:28:42,1062,2315,3.617831
07.02.2023 ; 09:28:44,1064,2314,3.616049
07.02.2023 ; 09:28:46,1066,2299,3.592204
07.02.2023 ; 09:28:48,1068,2309,3.608315
07.02.2023 ; 09:28:50,1070,2313,3.614537
07.02.2023 ; 09:28:52,1072,2309,3.607901
07.02.2023 ; 09:28:54,1074,2312,3.611813
07.02.2023 ; 09:28:56,1076,2311,3.610979
07.02.2023 ; 09:28:58,1078,2315,3.617783
07.02.2023 ; 09:29:00,1080,2304,3.599722
07.02.2023 ; 09:29:02,1082,2315,3.616436
07.02.2023 ; 09:29:04,1084,2312,3.612988
07.02.2023 ; 09:29:06,1086,2315,3.616783
07.02.2023 ; 09:29:08,1088,2311,3.610257
07.02.2023 ; 09:29:10,1090,2311,3.610304
07.02.2023 ; 09:29:12,1092,2314,3.615702
07.02.2023 ; 09:29:14,1094,2303,3.597873
07.02.2023 ; 09:29:16,1096,2654,4.147306
07.02.2023 ; 09:29:18,1098,2436,3.806887
07.02.2023 ; 09:29:20,1100,2353,3.676956
07.02.2023 ; 09:29:22,1102,2321,3.626666
07.02.2023 ; 09:29:24,1104,2306,3.603175
07.02.2023 ; 09:29:26,1106,2303,3.59889
07.02.2023 ; 09:29:28,1108,2312,3.612237
07.02.2023 ; 09:29:30,1110,2304,3.599865
07.02.2023 ; 09:29:32,1112,2303,3.597789
07.02.2023 ; 09:29:34,1114,2932,4.580616
07.02.2023 ; 09:29:36,1116,2525,3.94605
07.02.2023 ; 09:29:38,1118,2413,3.770056
07.02.2023 ; 09:29:40,1120,2355,3.679939
07.02.2023 ; 09:29:42,1122,2333,3.645314
07.02.2023 ; 09:29:44,1124,2356,3.681894
07.02.2023 ; 09:29:46,1126,2341,3.658547
07.02.2023 ; 09:29:48,1128,2325,3.633551
07.02.2023 ; 09:29:50,1130,2315,3.616756
07.02.2023 ; 09:29:52,1132,2321,3.625897
07.02.2023 ; 09:29:54,1134,2313,3.614198
07.02.2023 ; 09:29:56,1136,2311,3.61166
07.02.2023 ; 09:29:58,1138,2308,3.60601
07.02.2023 ; 09:30:00,1140,2302,3.596904
07.02.2023 ; 09:30:02,1142,2290,3.577502
07.02.2023 ; 09:30:04,1144,2309,3.608274
07.02.2023 ; 09:30:06,1146,2277,3.558204
07.02.2023 ; 09:30:08,1148,2293,3.582935
07.02.2023 ; 09:30:10,1150,2336,3.650688
07.02.2023 ; 09:30:12,1152,2348,3.668045
07.02.2023 ; 09:30:14,1154,2328,3.637057
07.02.2023 ; 09:30:16,1156,2324,3.632
07.02.2023 ; 09:30:18,1158,2320,3.625352
07.02.2023 ; 09:30:20,1160,2326,3.634331
07.02.2023 ; 09:30:22,1162,2324,3.631655
07.02.2023 ; 09:30:24,1164,2318,3.622574
07.02.2023 ; 09:30:26,1166,2307,3.604307
07.02.2023 ; 09:30:28,1168,2304,3.599797
07.02.2023 ; 09:30:30,1170,2303,3.598592
07.02.2023 ; 09:30:32,1172,2298,3.590273
07.02.2023 ; 09:30:34,1174,2299,3.592906
07.02.2023 ; 09:30:36,1176,2302,3.597147
07.02.2023 ; 09:30:38,1178,2310,3.608728
07.02.2023 ; 09:30:40,1180,2312,3.612616
07.02.2023 ; 09:30:42,1182,2319,3.623826
07.02.2023 ; 09:30:44,1184,2312,3.611758
07.02.2023 ; 09:30:46,1186,2315,3.61712
07.02.2023 ; 09:30:48,1188,2318,3.621563
07.02.2023 ; 09:30:50,1190,2321,3.625237
07.02.2023 ; 09:30:52,1192,2311,3.611143
07.02.2023 ; 09:30:54,1194,2310,3.608612
07.02.2023 ; 09:30:56,1196,2313,3.614009
07.02.2023 ; 09:30:58,1198,2314,3.616186
07.02.2023 ; 09:31:00,1200,2312,3.611835
07.02.2023 ; 09:31:02,1202,2332,3.644063
07.02.2023 ; 09:31:04,1204,2304,3.600546
07.02.2023 ; 09:31:06,1206,2302,3.597486
07.02.2023 ; 09:31:08,1208,2315,3.616745
07.02.2023 ; 09:31:10,1210,2326,3.634288
07.02.2023 ; 09:31:12,1212,2323,3.628926
07.02.2023 ; 09:31:14,1214,2315,3.617838
07.02.2023 ; 09:31:16,1216,2331,3.642442
07.02.2023 ; 09:31:18,1218,2314,3.616364
07.02.2023 ; 09:31:20,1220,2312,3.613141
07.02.2023 ; 09:31:22,1222,2309,3.608172
07.02.2023 ; 09:31:24,1224,2306,3.60264
07.02.2023 ; 09:31:26,1226,2318,3.621757
07.02.2023 ; 09:31:28,1228,2320,3.625573
07.02.2023 ; 09:31:30,1230,2321,3.627307
07.02.2023 ; 09:31:32,1232,2324,3.631645
07.02.2023 ; 09:31:34,1234,2317,3.620601
07.02.2023 ; 09:31:36,1236,2317,3.619672
07.02.2023 ; 09:31:38,1238,2313,3.613283
07.02.2023 ; 09:31:40,1240,2302,3.596263
07.02.2023 ; 09:31:42,1242,2313,3.614162
07.02.2023 ; 09:31:44,1244,2311,3.610912
07.02.2023 ; 09:31:46,1246,2325,3.632756
07.02.2023 ; 09:31:48,1248,2312,3.613168
07.02.2023 ; 09:31:50,1250,2304,3.600195
07.02.2023 ; 09:31:52,1252,2306,3.60254
07.02.2023 ; 09:31:54,1254,2303,3.598583
07.02.2023 ; 09:31:56,1256,2308,3.606682
07.02.2023 ; 09:31:58,1258,2318,3.621387
07.02.2023 ; 09:32:00,1260,2307,3.604858
07.02.2023 ; 09:32:02,1262,2306,3.603745
07.02.2023 ; 09:32:04,1264,2295,3.586033
07.02.2023 ; 09:32:06,1266,2285,3.570014
07.02.2023 ; 09:32:08,1268,2292,3.581067
07.02.2023 ; 09:32:10,1270,2323,3.629717
07.02.2023 ; 09:32:12,1272,2314,3.614918
07.02.2023 ; 09:32:14,1274,2314,3.615674
07.02.2023 ; 09:32:16,1276,2318,3.62194
07.02.2023 ; 09:32:18,1278,2308,3.606117
07.02.2023 ; 09:32:20,1280,2308,3.6068
07.02.2023 ; 09:32:22,1282,2305,3.60138
07.02.2023 ; 09:32:24,1284,2303,3.598996
07.02.2023 ; 09:32:26,1286,2304,3.599405
07.02.2023 ; 09:32:28,1288,2303,3.597735
07.02.2023 ; 09:32:30,1290,2304,3.600609
07.02.2023 ; 09:32:32,1292,2307,3.604149
07.02.2023 ; 09:32:34,1294,2301,3.594944
07.02.2023 ; 09:32:36,1296,2309,3.607618
07.02.2023 ; 09:32:38,1298,2298,3.591141
07.02.2023 ; 09:32:40,1300,2316,3.618117
07.02.2023 ; 09:32:42,1302,2309,3.607909
07.02.2023 ; 09:32:44,1304,2306,3.603183
07.02.2023 ; 09:32:46,1306,2300,3.594527
07.02.2023 ; 09:32:48,1308,2314,3.616333
07.02.2023 ; 09:32:50,1310,2306,3.602567
07.02.2023 ; 09:32:52,1312,2308,3.60594
07.02.2023 ; 09:32:54,1314,2294,3.584358
07.02.2023 ; 09:32:56,1316,2296,3.587019
07.02.2023 ; 09:32:58,1318,2301,3.595081
07.02.2023 ; 09:33:00,1320,2303,3.598291
07.02.2023 ; 09:33:02,1322,2305,3.601251
07.02.2023 ; 09:33:04,1324,2294,3.584704
07.02.2023 ; 09:33:06,1326,2297,3.5896
07.02.2023 ; 09:33:08,1328,2301,3.595887
07.02.2023 ; 09:33:10,1330,2306,3.602632
07.02.2023 ; 09:33:12,1332,2309,3.607605
07.02.2023 ; 09:33:14,1334,2307,3.604362
07.02.2023 ; 09:33:16,1336,2312,3.61259
07.02.2023 ; 09:33:18,1338,2307,3.604656
07.02.2023 ; 09:33:20,1340,2303,3.598661
07.02.2023 ; 09:33:22,1342,2308,3.60647
07.02.2023 ; 09:33:24,1344,2312,3.613171
07.02.2023 ; 09:33:26,1346,2309,3.607446
07.02.2023 ; 09:33:28,1348,2303,3.59888
07.02.2023 ; 09:33:30,1350,2314,3.615464
07.02.2023 ; 09:33:32,1352,2303,3.598485
07.02.2023 ; 09:33:34,1354,2307,3.605371
07.02.2023 ; 09:33:36,1356,2310,3.608861
07.02.2023 ; 09:33:38,1358,2312,3.61283
07.02.2023 ; 09:33:40,1360,2306,3.603405
07.02.2023 ; 09:33:42,1362,2304,3.600478
07.02.2023 ; 09:33:44,1364,2310,3.609477
07.02.2023 ; 09:33:46,1366,2302,3.596235
07.02.2023 ; 09:33:48,1368,2308,3.606609
07.02.2023 ; 09:33:50,1370,2318,3.622188
07.02.2023 ; 09:33:52,1372,2293,3.58205
07.02.2023 ; 09:33:54,1374,2293,3.583548
07.02.2023 ; 09:33:56,1376,2306,3.603096
07.02.2023 ; 09:33:58,1378,2302,3.597575
07.02.2023 ; 09:34:00,1380,2317,3.619393
07.02.2023 ; 09:34:02,1382,2323,3.629205
07.02.2023 ; 09:34:04,1384,2313,3.613456
07.02.2023 ; 09:34:06,1386,2314,3.615776
07.02.2023 ; 09:34:08,1388,2310,3.60989
07.02.2023 ; 09:34:10,1390,2312,3.612984
07.02.2023 ; 09:34:12,1392,2309,3.608444
07.02.2023 ; 09:34:14,1394,2315,3.61687
07.02.2023 ; 09:34:16,1396,2306,3.603109
07.02.2023 ; 09:34:18,1398,2311,3.611031
07.02.2023 ; 09:34:20,1400,2309,3.608077
07.02.2023 ; 09:34:22,1402,2309,3.60812
07.02.2023 ; 09:34:24,1404,2301,3.595521
07.02.2023 ; 09:34:26,1406,2311,3.611611
07.02.2023 ; 09:34:28,1408,2313,3.613369
07.02.2023 ; 09:34:30,1410,2309,3.60749
07.02.2023 ; 09:34:32,1412,2300,3.592952
07.02.2023 ; 09:34:34,1414,2301,3.595864
07.02.2023 ; 09:34:36,1416,2314,3.615088
07.02.2023 ; 09:34:38,1418,2317,3.619646
07.02.2023 ; 09:34:40,1420,2310,3.608769
07.02.2023 ; 09:34:42,1422,2296,3.587218
07.02.2023 ; 09:34:44,1424,2285,3.57008
07.02.2023 ; 09:34:46,1426,2289,3.577287
07.02.2023 ; 09:34:48,1428,2315,3.617687
07.02.2023 ; 09:34:50,1430,2300,3.59426
07.02.2023 ; 09:34:52,1432,2277,3.558426
07.02.2023 ; 09:34:54,1434,2310,3.608616
07.02.2023 ; 09:34:56,1436,2318,3.621701
07.02.2023 ; 09:34:58,1438,2314,3.61494
07.02.2023 ; 09:35:00,1440,2320,3.624705
07.02.2023 ; 09:35:02,1442,2309,3.607427
07.02.2023 ; 09:35:04,1444,2301,3.595589
07.02.2023 ; 09:35:06,1446,2303,3.598647
07.02.2023 ; 09:35:08,1448,2307,3.60471
07.02.2023 ; 09:35:10,1450,2301,3.595745
07.02.2023 ; 09:35:12,1452,2297,3.589379
07.02.2023 ; 09:35:14,1454,2303,3.597677
07.02.2023 ; 09:35:16,1456,2307,3.60482
07.02.2023 ; 09:35:18,1458,2313,3.613415
07.02.2023 ; 09:35:20,1460,2322,3.62858
07.02.2023 ; 09:35:22,1462,2315,3.617501
07.02.2023 ; 09:35:24,1464,2306,3.602484
07.02.2023 ; 09:35:26,1466,2300,3.594056
07.02.2023 ; 09:35:28,1468,2305,3.601957
07.02.2023 ; 09:35:30,1470,2322,3.627456
07.02.2023 ; 09:35:32,1472,2300,3.594162
07.02.2023 ; 09:35:34,1474,2301,3.595333
07.02.2023 ; 09:35:36,1476,2303,3.598541
07.02.2023 ; 09:35:38,1478,2311,3.610625
07.02.2023 ; 09:35:40,1480,2306,3.603115
07.02.2023 ; 09:35:42,1482,2286,3.57264
07.02.2023 ; 09:35:44,1484,2290,3.578701
07.02.2023 ; 09:35:46,1486,2293,3.583312
07.02.2023 ; 09:35:48,1488,2306,3.603501
07.02.2023 ; 09:35:50,1490,2306,3.60352
07.02.2023 ; 09:35:52,1492,2305,3.601296
07.02.2023 ; 09:35:54,1494,2317,3.619356
07.02.2023 ; 09:35:56,1496,2308,3.606449
07.02.2023 ; 09:35:58,1498,2296,3.588206
07.02.2023 ; 09:36:00,1500,2302,3.597417
07.02.2023 ; 09:36:02,1502,2305,3.602134
07.02.2023 ; 09:36:04,1504,2306,3.603584
07.02.2023 ; 09:36:06,1506,2303,3.599033
07.02.2023 ; 09:36:08,1508,2300,3.59279
07.02.2023 ; 09:36:10,1510,2287,3.57288
07.02.2023 ; 09:36:12,1512,2293,3.582584
07.02.2023 ; 09:36:14,1514,2306,3.602569
07.02.2023 ; 09:36:16,1516,2311,3.611078
07.02.2023 ; 09:36:18,1518,2307,3.605109
07.02.2023 ; 09:36:20,1520,2301,3.59489
07.02.2023 ; 09:36:22,1522,2317,3.620065
07.02.2023 ; 09:36:24,1524,2312,3.611817
07.02.2023 ; 09:36:26,1526,2306,3.603649
07.02.2023 ; 09:36:28,1528,2307,3.604483
07.02.2023 ; 09:36:30,1530,2313,3.614453
07.02.2023 ; 09:36:32,1532,2303,3.599083
07.02.2023 ; 09:36:34,1534,2297,3.588982
07.02.2023 ; 09:36:36,1536,2303,3.598351
07.02.2023 ; 09:36:38,1538,2310,3.608828
07.02.2023 ; 09:36:40,1540,2310,3.61006
07.02.2023 ; 09:36:42,1542,2310,3.609686
07.02.2023 ; 09:36:44,1544,2292,3.581188
07.02.2023 ; 09:36:46,1546,2297,3.588786
07.02.2023 ; 09:36:48,1548,2295,3.585383
07.02.2023 ; 09:36:50,1550,2309,3.607671
07.02.2023 ; 09:36:52,1552,2314,3.616016
07.02.2023 ; 09:36:54,1554,2319,3.623108
07.02.2023 ; 09:36:56,1556,2312,3.612888
07.02.2023 ; 09:36:58,1558,2321,3.626206
07.02.2023 ; 09:37:00,1560,2301,3.59488
07.02.2023 ; 09:37:02,1562,2297,3.589813
07.02.2023 ; 09:37:04,1564,2300,3.594408
07.02.2023 ; 09:37:06,1566,2303,3.599001
07.02.2023 ; 09:37:08,1568,2307,3.604443
07.02.2023 ; 09:37:10,1570,2319,3.623046
07.02.2023 ; 09:37:12,1572,2307,3.60479
07.02.2023 ; 09:37:14,1574,2321,3.626076
07.02.2023 ; 09:37:16,1576,2312,3.611866
07.02.2023 ; 09:37:18,1578,2315,3.617073
07.02.2023 ; 09:37:20,1580,2308,3.605693
07.02.2023 ; 09:37:22,1582,2310,3.609832
07.02.2023 ; 09:37:24,1584,2302,3.597181
07.02.2023 ; 09:37:26,1586,2310,3.610144
07.02.2023 ; 09:37:28,1588,2304,3.600081
07.02.2023 ; 09:37:30,1590,2307,3.605065
07.02.2023 ; 09:37:32,1592,2304,3.599456
07.02.2023 ; 09:37:34,1594,2291,3.580069
07.02.2023 ; 09:37:36,1596,2292,3.581166
07.02.2023 ; 09:37:38,1598,2299,3.591495
07.02.2023 ; 09:37:40,1600,2317,3.620767
07.02.2023 ; 09:37:42,1602,2314,3.616271
07.02.2023 ; 09:37:44,1604,2309,3.607755
07.02.2023 ; 09:37:46,1606,2292,3.581881
07.02.2023 ; 09:37:48,1608,2308,3.6067
07.02.2023 ; 09:37:50,1610,2313,3.613646
07.02.2023 ; 09:37:52,1612,2318,3.621877
07.02.2023 ; 09:37:54,1614,2307,3.604417
07.02.2023 ; 09:37:56,1616,2310,3.609202
07.02.2023 ; 09:37:58,1618,2315,3.616446
07.02.2023 ; 09:38:00,1620,2310,3.609325
07.02.2023 ; 09:38:02,1622,2308,3.606379
07.02.2023 ; 09:38:04,1624,2306,3.602618
07.02.2023 ; 09:38:06,1626,2304,3.599564
07.02.2023 ; 09:38:08,1628,2305,3.602848
07.02.2023 ; 09:38:10,1630,2291,3.579091
07.02.2023 ; 09:38:12,1632,2304,3.600765
07.02.2023 ; 09:38:14,1634,2274,3.553238
07.02.2023 ; 09:38:16,1636,2278,3.55888
07.02.2023 ; 09:38:18,1638,2295,3.585793
07.02.2023 ; 09:38:20,1640,2284,3.568797
07.02.2023 ; 09:38:22,1642,2302,3.596492
07.02.2023 ; 09:38:24,1644,2346,3.665127
07.02.2023 ; 09:38:26,1646,2322,3.628374
07.02.2023 ; 09:38:28,1648,2310,3.609418
07.02.2023 ; 09:38:30,1650,2322,3.628289
07.02.2023 ; 09:38:32,1652,2295,3.585974
07.02.2023 ; 09:38:34,1654,2329,3.638752
07.02.2023 ; 09:38:36,1656,2346,3.665468
07.02.2023 ; 09:38:38,1658,2326,3.635011
07.02.2023 ; 09:38:40,1660,2314,3.614874
07.02.2023 ; 09:38:42,1662,2293,3.582161
07.02.2023 ; 09:38:44,1664,2297,3.589561
07.02.2023 ; 09:38:46,1666,2302,3.597222
07.02.2023 ; 09:38:48,1668,2298,3.589901
07.02.2023 ; 09:38:50,1670,2314,3.615908
07.02.2023 ; 09:38:52,1672,2330,3.640556
07.02.2023 ; 09:38:54,1674,2300,3.594509
07.02.2023 ; 09:38:56,1676,2303,3.598588
07.02.2023 ; 09:38:58,1678,2298,3.590923
07.02.2023 ; 09:39:00,1680,2297,3.589256
07.02.2023 ; 09:39:02,1682,2303,3.597944
07.02.2023 ; 09:39:04,1684,2333,3.645582
07.02.2023 ; 09:39:06,1686,2316,3.618409
07.02.2023 ; 09:39:08,1688,2324,3.630721
07.02.2023 ; 09:39:10,1690,2316,3.619109
07.02.2023 ; 09:39:12,1692,2295,3.586535
07.02.2023 ; 09:39:14,1694,2305,3.60162
07.02.2023 ; 09:39:16,1696,2302,3.59749
07.02.2023 ; 09:39:18,1698,2303,3.598638
07.02.2023 ; 09:39:20,1700,2308,3.606738
07.02.2023 ; 09:39:22,1702,2311,3.610462
07.02.2023 ; 09:39:24,1704,2311,3.610214
07.02.2023 ; 09:39:26,1706,2313,3.61344
07.02.2023 ; 09:39:28,1708,2314,3.615126
07.02.2023 ; 09:39:30,1710,2303,3.599203
07.02.2023 ; 09:39:32,1712,2312,3.611734
07.02.2023 ; 09:39:34,1714,2310,3.609914
07.02.2023 ; 09:39:36,1716,2312,3.612101
07.02.2023 ; 09:39:38,1718,2297,3.588762
07.02.2023 ; 09:39:40,1720,2309,3.60704
07.02.2023 ; 09:39:42,1722,2314,3.615489
07.02.2023 ; 09:39:44,1724,2319,3.623687
07.02.2023 ; 09:39:46,1726,2315,3.617754
07.02.2023 ; 09:39:48,1728,2312,3.612939
07.02.2023 ; 09:39:50,1730,2311,3.610157
07.02.2023 ; 09:39:52,1732,2304,3.600359
07.02.2023 ; 09:39:54,1734,2305,3.601424
07.02.2023 ; 09:39:56,1736,2307,3.605053
07.02.2023 ; 09:39:58,1738,2311,3.610398
07.02.2023 ; 09:40:00,1740,2304,3.600174
07.02.2023 ; 09:40:02,1742,2310,3.609743
07.02.2023 ; 09:40:04,1744,2308,3.606877
07.02.2023 ; 09:40:06,1746,2308,3.605412
07.02.2023 ; 09:40:08,1748,2312,3.612988
07.02.2023 ; 09:40:10,1750,2310,3.608913
07.02.2023 ; 09:40:12,1752,2304,3.599503
07.02.2023 ; 09:40:14,1754,2306,3.602611
07.02.2023 ; 09:40:16,1756,2310,3.609055
07.02.2023 ; 09:40:18,1758,2306,3.60386
07.02.2023 ; 09:40:20,1760,2300,3.594333
07.02.2023 ; 09:40:22,1762,2274,3.55262
07.02.2023 ; 09:40:24,1764,2310,3.609068
07.02.2023 ; 09:40:26,1766,2309,3.607553
07.02.2023 ; 09:40:28,1768,2304,3.6002
07.02.2023 ; 09:40:30,1770,2300,3.593029
07.02.2023 ; 09:40:32,1772,2339,3.65519
07.02.2023 ; 09:40:34,1774,2321,3.626137
07.02.2023 ; 09:40:36,1776,2308,3.606447
07.02.2023 ; 09:40:38,1778,2308,3.605535
07.02.2023 ; 09:40:40,1780,2300,3.594306
07.02.2023 ; 09:40:42,1782,2304,3.599665
07.02.2023 ; 09:40:44,1784,2303,3.598434
07.02.2023 ; 09:40:46,1786,2308,3.606899
07.02.2023 ; 09:40:48,1788,2303,3.597578
07.02.2023 ; 09:40:50,1790,2305,3.601275
07.02.2023 ; 09:40:52,1792,2299,3.592817
07.02.2023 ; 09:40:54,1794,2288,3.57506
07.02.2023 ; 09:40:56,1796,2284,3.569276
07.02.2023 ; 09:40:58,1798,2302,3.597638
07.02.2023 ; 09:41:00,1800,2316,3.619287
07.02.2023 ; 09:41:02,1802,2323,3.628937
07.02.2023 ; 09:41:04,1804,2311,3.610954
07.02.2023 ; 09:41:06,1806,2305,3.600821
07.02.2023 ; 09:41:08,1808,2316,3.618841
07.02.2023 ; 09:41:10,1810,2308,3.605691
07.02.2023 ; 09:41:12,1812,2318,3.621608
07.02.2023 ; 09:41:14,1814,2309,3.608123
07.02.2023 ; 09:41:16,1816,2308,3.606768
07.02.2023 ; 09:41:18,1818,2308,3.606201
07.02.2023 ; 09:41:20,1820,2290,3.57829
07.02.2023 ; 09:41:22,1822,2278,3.560054
07.02.2023 ; 09:41:24,1824,2293,3.582458
07.02.2023 ; 09:41:26,1826,2330,3.641448
07.02.2023 ; 09:41:28,1828,2311,3.611697
07.02.2023 ; 09:41:30,1830,2307,3.60477
07.02.2023 ; 09:41:32,1832,2304,3.600397
07.02.2023 ; 09:41:34,1834,2312,3.612372
07.02.2023 ; 09:41:36,1836,2309,3.608349
07.02.2023 ; 09:41:38,1838,2310,3.608729
07.02.2023 ; 09:41:40,1840,2298,3.591306
07.02.2023 ; 09:41:42,1842,2305,3.600971
07.02.2023 ; 09:41:44,1844,2310,3.608649
07.02.2023 ; 09:41:46,1846,2300,3.594075
07.02.2023 ; 09:41:48,1848,2298,3.591493
07.02.2023 ; 09:41:50,1850,2308,3.60566
07.02.2023 ; 09:41:52,1852,2313,3.613921
07.02.2023 ; 09:41:54,1854,2311,3.610602
07.02.2023 ; 09:41:56,1856,2310,3.608893
07.02.2023 ; 09:41:58,1858,2306,3.602689
07.02.2023 ; 09:42:00,1860,2297,3.588749
07.02.2023 ; 09:42:02,1862,2276,3.556291
07.02.2023 ; 09:42:04,1864,2295,3.585678
07.02.2023 ; 09:42:06,1866,2320,3.625597
07.02.2023 ; 09:42:08,1868,2311,3.610188
07.02.2023 ; 09:42:10,1870,2304,3.600461
07.02.2023 ; 09:42:12,1872,2313,3.614488
07.02.2023 ; 09:42:14,1874,2312,3.612704
07.02.2023 ; 09:42:16,1876,2305,3.602497
07.02.2023 ; 09:42:18,1878,2309,3.608143
07.02.2023 ; 09:42:20,1880,2295,3.586627
07.02.2023 ; 09:42:22,1882,2287,3.573537
07.02.2023 ; 09:42:24,1884,2297,3.588412
07.02.2023 ; 09:42:26,1886,2330,3.640915
07.02.2023 ; 09:42:28,1888,2340,3.656283
07.02.2023 ; 09:42:30,1890,2324,3.631911
07.02.2023 ; 09:42:32,1892,2301,3.595757
07.02.2023 ; 09:42:34,1894,2308,3.606828
07.02.2023 ; 09:42:36,1896,2301,3.595962
07.02.2023 ; 09:42:38,1898,2298,3.590878
07.02.2023 ; 09:42:40,1900,2301,3.595057
07.02.2023 ; 09:42:42,1902,2300,3.59426
07.02.2023 ; 09:42:44,1904,2300,3.594171
07.02.2023 ; 09:42:46,1906,2311,3.611461
07.02.2023 ; 09:42:48,1908,2290,3.57825
07.02.2023 ; 09:42:50,1910,2296,3.586823
07.02.2023 ; 09:42:52,1912,2307,3.604138
07.02.2023 ; 09:42:54,1914,2306,3.603052
07.02.2023 ; 09:42:56,1916,2314,3.616037
07.02.2023 ; 09:42:58,1918,2311,3.611279
07.02.2023 ; 09:43:00,1920,2307,3.604173
07.02.2023 ; 09:43:02,1922,2310,3.609323
07.02.2023 ; 09:43:04,1924,2311,3.611715
07.02.2023 ; 09:43:06,1926,2308,3.605529
07.02.2023 ; 09:43:08,1928,2301,3.595561
07.02.2023 ; 09:43:10,1930,2314,3.615812
07.02.2023 ; 09:43:12,1932,2310,3.608603
07.02.2023 ; 09:43:14,1934,2310,3.608639
07.02.2023 ; 09:43:16,1936,2315,3.616452
07.02.2023 ; 09:43:18,1938,2310,3.608919
07.02.2023 ; 09:43:20,1940,2310,3.610135
07.02.2023 ; 09:43:22,1942,2313,3.614632
07.02.2023 ; 09:43:24,1944,2303,3.598701
07.02.2023 ; 09:43:26,1946,2300,3.595054
07.02.2023 ; 09:43:28,1948,2301,3.595028
07.02.2023 ; 09:43:30,1950,2300,3.594147
07.02.2023 ; 09:43:32,1952,2273,3.551571
07.02.2023 ; 09:43:34,1954,2306,3.60307
07.02.2023 ; 09:43:36,1956,2317,3.620944
07.02.2023 ; 09:43:38,1958,2307,3.60537
07.02.2023 ; 09:43:40,1960,2302,3.597632
07.02.2023 ; 09:43:42,1962,2302,3.597085
07.02.2023 ; 09:43:44,1964,2305,3.599665
07.02.2023 ; 09:43:46,1966,2306,3.602901
07.02.2023 ; 09:43:48,1968,2303,3.599348
07.02.2023 ; 09:43:50,1970,2301,3.594838
07.02.2023 ; 09:43:52,1972,2304,3.599701
07.02.2023 ; 09:43:54,1974,2298,3.591093
07.02.2023 ; 09:43:56,1976,2303,3.598284
07.02.2023 ; 09:43:58,1978,2303,3.598917
07.02.2023 ; 09:44:00,1980,2308,3.605471
07.02.2023 ; 09:44:02,1982,2326,3.63363
07.02.2023 ; 09:44:04,1984,2308,3.606467
07.02.2023 ; 09:44:06,1986,2314,3.615419
07.02.2023 ; 09:44:08,1988,2308,3.605778
07.02.2023 ; 09:44:10,1990,2315,3.616743
07.02.2023 ; 09:44:12,1992,2315,3.61656
07.02.2023 ; 09:44:14,1994,2318,3.621698
07.02.2023 ; 09:44:16,1996,2303,3.598012
07.02.2023 ; 09:44:18,1998,2286,3.572003
07.02.2023 ; 09:44:20,2000,2305,3.601887
07.02.2023 ; 09:44:22,2002,2297,3.589576
07.02.2023 ; 09:44:24,2004,2312,3.613045
07.02.2023 ; 09:44:26,2006,2315,3.616714
07.02.2023 ; 09:44:28,2008,2312,3.613107
07.02.2023 ; 09:44:30,2010,2311,3.610345
07.02.2023 ; 09:44:32,2012,2327,3.636165
07.02.2023 ; 09:44:34,2014,2321,3.626023
07.02.2023 ; 09:44:36,2016,2319,3.624125
07.02.2023 ; 09:44:38,2018,2325,3.633044
07.02.2023 ; 09:44:40,2020,2323,3.630402
07.02.2023 ; 09:44:42,2022,2316,3.618061
07.02.2023 ; 09:44:44,2024,2305,3.601917
07.02.2023 ; 09:44:46,2026,2312,3.612267
07.02.2023 ; 09:44:48,2028,2311,3.611683
07.02.2023 ; 09:44:50,2030,2319,3.622859
07.02.2023 ; 09:44:52,2032,2313,3.6148
07.02.2023 ; 09:44:54,2034,2312,3.612398
07.02.2023 ; 09:44:56,2036,2324,3.63179
07.02.2023 ; 09:44:58,2038,2314,3.616305
07.02.2023 ; 09:45:00,2040,2311,3.610298
07.02.2023 ; 09:45:02,2042,2309,3.607165
07.02.2023 ; 09:45:04,2044,2303,3.598049
07.02.2023 ; 09:45:06,2046,2304,3.600304
07.02.2023 ; 09:45:08,2048,2307,3.604469
07.02.2023 ; 09:45:10,2050,2316,3.619242
07.02.2023 ; 09:45:12,2052,2315,3.617372
07.02.2023 ; 09:45:14,2054,2334,3.647181
07.02.2023 ; 09:45:16,2056,2323,3.629006
07.02.2023 ; 09:45:18,2058,2318,3.621397
07.02.2023 ; 09:45:20,2060,2318,3.621957
07.02.2023 ; 09:45:22,2062,2323,3.62971
07.02.2023 ; 09:45:24,2064,2319,3.622698
07.02.2023 ; 09:45:26,2066,2331,3.64294
07.02.2023 ; 09:45:28,2068,2323,3.629114
07.02.2023 ; 09:45:30,2070,2322,3.628252
07.02.2023 ; 09:45:32,2072,2321,3.626735
07.02.2023 ; 09:45:34,2074,2319,3.623211
07.02.2023 ; 09:45:36,2076,2315,3.616767
07.02.2023 ; 09:45:38,2078,2311,3.610261
07.02.2023 ; 09:45:40,2080,2307,3.604595
07.02.2023 ; 09:45:42,2082,2310,3.609217
07.02.2023 ; 09:45:44,2084,2308,3.60583
07.02.2023 ; 09:45:46,2086,2309,3.608385
07.02.2023 ; 09:45:48,2088,2313,3.613339
07.02.2023 ; 09:45:50,2090,2314,3.616163
07.02.2023 ; 09:45:52,2092,2312,3.612231
07.02.2023 ; 09:45:54,2094,2305,3.601111
07.02.2023 ; 09:45:56,2096,2295,3.584847
07.02.2023 ; 09:45:58,2098,2307,3.605346
07.02.2023 ; 09:46:00,2100,2303,3.598695
07.02.2023 ; 09:46:02,2102,2498,3.903291
07.02.2023 ; 09:46:04,2104,2366,3.69619
07.02.2023 ; 09:46:06,2106,2331,3.64178
07.02.2023 ; 09:46:08,2108,2319,3.623148
07.02.2023 ; 09:46:10,2110,2332,3.643786
07.02.2023 ; 09:46:12,2112,2318,3.621759
07.02.2023 ; 09:46:14,2114,2316,3.61829
07.02.2023 ; 09:46:16,2116,2304,3.59973
07.02.2023 ; 09:46:18,2118,0,0
07.02.2023 ; 09:46:20,2120,2618,4.090902
07.02.2023 ; 09:46:22,2122,2450,3.827999
07.02.2023 ; 09:46:24,2124,2377,3.713877
07.02.2023 ; 09:46:26,2126,2342,3.659235
07.02.2023 ; 09:46:28,2128,2336,3.649277
07.02.2023 ; 09:46:30,2130,2325,3.631776
07.02.2023 ; 09:46:32,2132,2319,3.624094
07.02.2023 ; 09:46:34,2134,2316,3.619153
07.02.2023 ; 09:46:36,2136,2317,3.620982
07.02.2023 ; 09:46:38,2138,2305,3.602327
07.02.2023 ; 09:46:40,2140,2313,3.613506
07.02.2023 ; 09:46:42,2142,2311,3.610986
07.02.2023 ; 09:46:44,2144,2310,3.60946
07.02.2023 ; 09:46:46,2146,2308,3.606652
07.02.2023 ; 09:46:48,2148,2318,3.622415
07.02.2023 ; 09:46:50,2150,2317,3.619904
07.02.2023 ; 09:46:52,2152,2309,3.607207
07.02.2023 ; 09:46:54,2154,2316,3.618348
07.02.2023 ; 09:46:56,2156,2314,3.616225
07.02.2023 ; 09:46:58,2158,2308,3.606991
07.02.2023 ; 09:47:00,2160,2313,3.614492
07.02.2023 ; 09:47:02,2162,2317,3.621068
07.02.2023 ; 09:47:04,2164,2322,3.627755
07.02.2023 ; 09:47:06,2166,2313,3.61333
07.02.2023 ; 09:47:08,2168,2309,3.607096
07.02.2023 ; 09:47:10,2170,2311,3.612264
07.02.2023 ; 09:47:12,2172,2306,3.603185
07.02.2023 ; 09:47:14,2174,2304,3.599978
07.02.2023 ; 09:47:16,2176,2306,3.603476
07.02.2023 ; 09:47:18,2178,2307,3.603945
07.02.2023 ; 09:47:20,2180,2313,3.614137
07.02.2023 ; 09:47:22,2182,2308,3.606472
07.02.2023 ; 09:47:24,2184,2308,3.606317
07.02.2023 ; 09:47:26,2186,2301,3.594941
07.02.2023 ; 09:47:28,2188,2312,3.613245
07.02.2023 ; 09:47:30,2190,2312,3.613084
07.02.2023 ; 09:47:32,2192,2303,3.598767
07.02.2023 ; 09:47:34,2194,2311,3.611225
07.02.2023 ; 09:47:36,2196,2310,3.608745
07.02.2023 ; 09:47:38,2198,2306,3.602656
07.02.2023 ; 09:47:40,2200,2311,3.6106
07.02.2023 ; 09:47:42,2202,2296,3.587497
07.02.2023 ; 09:47:44,2204,2303,3.598991
07.02.2023 ; 09:47:46,2206,2307,3.604668
07.02.2023 ; 09:47:48,2208,2311,3.611058
07.02.2023 ; 09:47:50,2210,2301,3.595144
07.02.2023 ; 09:47:52,2212,2294,3.583879
07.02.2023 ; 09:47:54,2214,2305,3.601975
07.02.2023 ; 09:47:56,2216,2313,3.613696
07.02.2023 ; 09:47:58,2218,2312,3.612603
07.02.2023 ; 09:48:00,2220,2318,3.620536
07.02.2023 ; 09:48:02,2222,2321,3.626671
07.02.2023 ; 09:48:04,2224,2319,3.623188
07.02.2023 ; 09:48:06,2226,2305,3.602288
07.02.2023 ; 09:48:08,2228,2319,3.623345
07.02.2023 ; 09:48:10,2230,2319,3.624078
07.02.2023 ; 09:48:12,2232,2308,3.605679
07.02.2023 ; 09:48:14,2234,2310,3.609664
07.02.2023 ; 09:48:16,2236,2309,3.608236
07.02.2023 ; 09:48:18,2238,2313,3.614369
07.02.2023 ; 09:48:20,2240,2313,3.614153
07.02.2023 ; 09:48:22,2242,2304,3.600781
07.02.2023 ; 09:48:24,2244,2321,3.626794
07.02.2023 ; 09:48:26,2246,2315,3.616722
07.02.2023 ; 09:48:28,2248,2317,3.620824
07.02.2023 ; 09:48:30,2250,2315,3.616867
07.02.2023 ; 09:48:32,2252,2296,3.58719
07.02.2023 ; 09:48:34,2254,2302,3.597548
07.02.2023 ; 09:48:36,2256,2307,3.605264
07.02.2023 ; 09:48:38,2258,2313,3.614088
07.02.2023 ; 09:48:40,2260,2315,3.61643
07.02.2023 ; 09:48:42,2262,2315,3.616926
07.02.2023 ; 09:48:44,2264,2313,3.614668
07.02.2023 ; 09:48:46,2266,2315,3.617171
07.02.2023 ; 09:48:48,2268,2302,3.596214
07.02.2023 ; 09:48:50,2270,2304,3.600376
07.02.2023 ; 09:48:52,2272,2308,3.605695
07.02.2023 ; 09:48:54,2274,2306,3.603326
07.02.2023 ; 09:48:56,2276,2310,3.610031
07.02.2023 ; 09:48:58,2278,2311,3.610924
07.02.2023 ; 09:49:00,2280,2319,3.623719
07.02.2023 ; 09:49:02,2282,2310,3.609796
07.02.2023 ; 09:49:04,2284,2310,3.609185
07.02.2023 ; 09:49:06,2286,2306,3.60306
07.02.2023 ; 09:49:08,2288,2305,3.600882
07.02.2023 ; 09:49:10,2290,2311,3.610356
07.02.2023 ; 09:49:12,2292,2312,3.612435
07.02.2023 ; 09:49:14,2294,2312,3.612385
07.02.2023 ; 09:49:16,2296,2305,3.600864
07.02.2023 ; 09:49:18,2298,2311,3.610331
07.02.2023 ; 09:49:20,2300,2316,3.619503
07.02.2023 ; 09:49:22,2302,2315,3.61736
07.02.2023 ; 09:49:24,2304,2314,3.614906
07.02.2023 ; 09:49:26,2306,2308,3.606029
07.02.2023 ; 09:49:28,2308,2314,3.6151
07.02.2023 ; 09:49:30,2310,2317,3.619889
07.02.2023 ; 09:49:32,2312,2309,3.608519
07.02.2023 ; 09:49:34,2314,2310,3.609249
07.02.2023 ; 09:49:36,2316,2320,3.625063
07.02.2023 ; 09:49:38,2318,2307,3.604953
07.02.2023 ; 09:49:40,2320,2310,3.609216
07.02.2023 ; 09:49:42,2322,2317,3.620591
07.02.2023 ; 09:49:44,2324,2316,3.619148
07.02.2023 ; 09:49:46,2326,2311,3.61059
07.02.2023 ; 09:49:48,2328,2308,3.606297
07.02.2023 ; 09:49:50,2330,2310,3.609013
07.02.2023 ; 09:49:52,2332,2317,3.619646
07.02.2023 ; 09:49:54,2334,2309,3.608039
07.02.2023 ; 09:49:56,2336,2308,3.606135
07.02.2023 ; 09:49:58,2338,2306,3.603059
07.02.2023 ; 09:50:00,2340,2299,3.592114
07.02.2023 ; 09:50:02,2342,2293,3.583052
07.02.2023 ; 09:50:04,2344,2311,3.610662
07.02.2023 ; 09:50:06,2346,2318,3.622536
07.02.2023 ; 09:50:08,2348,2305,3.602215
07.02.2023 ; 09:50:10,2350,2309,3.607482
07.02.2023 ; 09:50:12,2352,2304,3.599455
07.02.2023 ; 09:50:14,2354,2316,3.619161
07.02.2023 ; 09:50:16,2356,2316,3.618606
07.02.2023 ; 09:50:18,2358,2323,3.630144
07.02.2023 ; 09:50:20,2360,2303,3.599189
07.02.2023 ; 09:50:22,2362,2300,3.59301
07.02.2023 ; 09:50:24,2364,2302,3.596595
07.02.2023 ; 09:50:26,2366,2305,3.601385
07.02.2023 ; 09:50:28,2368,2305,3.601883
07.02.2023 ; 09:50:30,2370,2312,3.612871
07.02.2023 ; 09:50:32,2372,2310,3.60937
07.02.2023 ; 09:50:34,2374,2321,3.626958
07.02.2023 ; 09:50:36,2376,2316,3.618951
07.02.2023 ; 09:50:38,2378,2311,3.610674
07.02.2023 ; 09:50:40,2380,2315,3.617234
07.02.2023 ; 09:50:42,2382,2315,3.617671
07.02.2023 ; 09:50:44,2384,2308,3.606333
07.02.2023 ; 09:50:46,2386,2311,3.61119
07.02.2023 ; 09:50:48,2388,2308,3.606824
07.02.2023 ; 09:50:50,2390,2303,3.598904
07.02.2023 ; 09:50:52,2392,2309,3.60834
07.02.2023 ; 09:50:54,2394,2311,3.610228
07.02.2023 ; 09:50:56,2396,2316,3.618152
07.02.2023 ; 09:50:58,2398,2298,3.590784
07.02.2023 ; 09:51:00,2400,2313,3.613874
07.02.2023 ; 09:51:02,2402,2311,3.610812
07.02.2023 ; 09:51:04,2404,2305,3.602287
07.02.2023 ; 09:51:06,2406,2316,3.619288
07.02.2023 ; 09:51:08,2408,2327,3.637646
07.02.2023 ; 09:51:10,2410,2320,3.625511
07.02.2023 ; 09:51:12,2412,2317,3.619936
07.02.2023 ; 09:51:14,2414,2315,3.617536
07.02.2023 ; 09:51:16,2416,2312,3.612433
07.02.2023 ; 09:51:18,2418,2311,3.610729
07.02.2023 ; 09:51:20,2420,2307,3.604803
07.02.2023 ; 09:51:22,2422,2308,3.605764
07.02.2023 ; 09:51:24,2424,2308,3.605775
07.02.2023 ; 09:51:26,2426,2311,3.611161
07.02.2023 ; 09:51:28,2428,2308,3.607451
07.02.2023 ; 09:51:30,2430,2307,3.605378
07.02.2023 ; 09:51:32,2432,2310,3.609511
07.02.2023 ; 09:51:34,2434,2311,3.61038
07.02.2023 ; 09:51:36,2436,2305,3.600908
07.02.2023 ; 09:51:38,2438,2300,3.593672
07.02.2023 ; 09:51:40,2440,2303,3.598427
07.02.2023 ; 09:51:42,2442,2308,3.607256
07.02.2023 ; 09:51:44,2444,2308,3.606644
07.02.2023 ; 09:51:46,2446,2309,3.608038
07.02.2023 ; 09:51:48,2448,2305,3.601481
07.02.2023 ; 09:51:50,2450,2311,3.610957
07.02.2023 ; 09:51:52,2452,2303,3.598954
07.02.2023 ; 09:51:54,2454,2303,3.598523
07.02.2023 ; 09:51:56,2456,2306,3.602535
07.02.2023 ; 09:51:58,2458,2309,3.608097
07.02.2023 ; 09:52:00,2460,2309,3.607888
07.02.2023 ; 09:52:02,2462,2309,3.608287
07.02.2023 ; 09:52:04,2464,2314,3.61628
07.02.2023 ; 09:52:06,2466,2312,3.612169
07.02.2023 ; 09:52:08,2468,2303,3.59907
07.02.2023 ; 09:52:10,2470,2316,3.618112
07.02.2023 ; 09:52:12,2472,2310,3.610115
07.02.2023 ; 09:52:14,2474,2309,3.608397
07.02.2023 ; 09:52:16,2476,2314,3.614935
07.02.2023 ; 09:52:18,2478,2305,3.601957
07.02.2023 ; 09:52:20,2480,2300,3.593736
07.02.2023 ; 09:52:22,2482,2311,3.611079
07.02.2023 ; 09:52:24,2484,2308,3.606749
07.02.2023 ; 09:52:26,2486,2302,3.596422
07.02.2023 ; 09:52:28,2488,2315,3.617722
07.02.2023 ; 09:52:30,2490,2297,3.589665
07.02.2023 ; 09:52:32,2492,2301,3.595856
07.02.2023 ; 09:52:34,2494,2303,3.598373
07.02.2023 ; 09:52:36,2496,2312,3.612581
07.02.2023 ; 09:52:38,2498,2309,3.607152
07.02.2023 ; 09:52:40,2500,2329,3.639312
07.02.2023 ; 09:52:42,2502,2310,3.609791
07.02.2023 ; 09:52:44,2504,2309,3.60776
07.02.2023 ; 09:52:46,2506,2315,3.616642
07.02.2023 ; 09:52:48,2508,2312,3.612743
07.02.2023 ; 09:52:50,2510,2306,3.602422
07.02.2023 ; 09:52:52,2512,2310,3.608503
07.02.2023 ; 09:52:54,2514,2312,3.612936
07.02.2023 ; 09:52:56,2516,2304,3.599262
07.02.2023 ; 09:52:58,2518,2307,3.604166
07.02.2023 ; 09:53:00,2520,2311,3.610597
07.02.2023 ; 09:53:02,2522,2309,3.608171
07.02.2023 ; 09:53:04,2524,2304,3.59967
07.02.2023 ; 09:53:06,2526,2308,3.606832
07.02.2023 ; 09:53:08,2528,2306,3.603292
07.02.2023 ; 09:53:10,2530,2307,3.604789
07.02.2023 ; 09:53:12,2532,2315,3.617181
07.02.2023 ; 09:53:14,2534,2315,3.617221
07.02.2023 ; 09:53:16,2536,2318,3.62232
07.02.2023 ; 09:53:18,2538,2324,3.631292
07.02.2023 ; 09:53:20,2540,2314,3.61491
07.02.2023 ; 09:53:22,2542,2311,3.611509
07.02.2023 ; 09:53:24,2544,2299,3.592432
07.02.2023 ; 09:53:26,2546,2305,3.601086
07.02.2023 ; 09:53:28,2548,2314,3.616346
07.02.2023 ; 09:53:30,2550,2309,3.607611
07.02.2023 ; 09:53:32,2552,2307,3.605034
07.02.2023 ; 09:53:34,2554,2311,3.6108
07.02.2023 ; 09:53:36,2556,2303,3.599212
07.02.2023 ; 09:53:38,2558,2315,3.617725
07.02.2023 ; 09:53:40,2560,2314,3.616204
07.02.2023 ; 09:53:42,2562,2302,3.597332
07.02.2023 ; 09:53:44,2564,2303,3.598561
07.02.2023 ; 09:53:46,2566,2301,3.595914
07.02.2023 ; 09:53:48,2568,2305,3.601834
07.02.2023 ; 09:53:50,2570,2302,3.59708
07.02.2023 ; 09:53:52,2572,2315,3.617507
07.02.2023 ; 09:53:54,2574,2303,3.599161
07.02.2023 ; 09:53:56,2576,2311,3.611288
07.02.2023 ; 09:53:58,2578,2319,3.623087
07.02.2023 ; 09:54:00,2580,2310,3.6089
07.02.2023 ; 09:54:02,2582,2313,3.614931
07.02.2023 ; 09:54:04,2584,2315,3.616645
07.02.2023 ; 09:54:06,2586,2309,3.607083
07.02.2023 ; 09:54:08,2588,2310,3.6099
07.02.2023 ; 09:54:10,2590,2310,3.609423
07.02.2023 ; 09:54:12,2592,2304,3.599556
07.02.2023 ; 09:54:14,2594,2305,3.602205
07.02.2023 ; 09:54:16,2596,2315,3.61795
07.02.2023 ; 09:54:18,2598,2298,3.589935
07.02.2023 ; 09:54:20,2600,2304,3.599968
07.02.2023 ; 09:54:22,2602,2307,3.604789
07.02.2023 ; 09:54:24,2604,2328,3.637875
07.02.2023 ; 09:54:26,2606,2325,3.63291
07.02.2023 ; 09:54:28,2608,2313,3.614443
07.02.2023 ; 09:54:30,2610,2311,3.610247
07.02.2023 ; 09:54:32,2612,2308,3.60554
07.02.2023 ; 09:54:34,2614,2314,3.615595
07.02.2023 ; 09:54:36,2616,2301,3.595983
07.02.2023 ; 09:54:38,2618,2310,3.609812
07.02.2023 ; 09:54:40,2620,2309,3.608105
07.02.2023 ; 09:54:42,2622,2310,3.608669
07.02.2023 ; 09:54:44,2624,2315,3.617052
07.02.2023 ; 09:54:46,2626,2303,3.598293
07.02.2023 ; 09:54:48,2628,2316,3.618364
07.02.2023 ; 09:54:50,2630,2315,3.617211
07.02.2023 ; 09:54:52,2632,2311,3.611089
07.02.2023 ; 09:54:54,2634,2307,3.605402
07.02.2023 ; 09:54:56,2636,2309,3.607043
07.02.2023 ; 09:54:58,2638,2314,3.615354
07.02.2023 ; 09:55:00,2640,2306,3.602865
07.02.2023 ; 09:55:02,2642,2313,3.61444
07.02.2023 ; 09:55:04,2644,2309,3.608015
07.02.2023 ; 09:55:06,2646,2309,3.607398
07.02.2023 ; 09:55:08,2648,2309,3.607265
07.02.2023 ; 09:55:10,2650,2312,3.612253
07.02.2023 ; 09:55:12,2652,2310,3.609668
07.02.2023 ; 09:55:14,2654,2305,3.601036
07.02.2023 ; 09:55:16,2656,2312,3.611722
07.02.2023 ; 09:55:18,2658,2317,3.619874
07.02.2023 ; 09:55:20,2660,2315,3.617193
07.02.2023 ; 09:55:22,2662,2311,3.61171
07.02.2023 ; 09:55:24,2664,2311,3.610497
07.02.2023 ; 09:55:26,2666,2300,3.594208
07.02.2023 ; 09:55:28,2668,2306,3.602353
07.02.2023 ; 09:55:30,2670,2293,3.582534
07.02.2023 ; 09:55:32,2672,2299,3.591755
07.02.2023 ; 09:55:34,2674,2301,3.595932
07.02.2023 ; 09:55:36,2676,2311,3.610366
07.02.2023 ; 09:55:38,2678,2315,3.616659
07.02.2023 ; 09:55:40,2680,2315,3.617358
07.02.2023 ; 09:55:42,2682,2320,3.625574
07.02.2023 ; 09:55:44,2684,2315,3.617454
07.02.2023 ; 09:55:46,2686,2312,3.612236
07.02.2023 ; 09:55:48,2688,2300,3.594216
07.02.2023 ; 09:55:50,2690,2309,3.607729
07.02.2023 ; 09:55:52,2692,2309,3.607638
07.02.2023 ; 09:55:54,2694,2310,3.609605
07.02.2023 ; 09:55:56,2696,2304,3.599981
07.02.2023 ; 09:55:58,2698,2303,3.598362
07.02.2023 ; 09:56:00,2700,2314,3.614881
07.02.2023 ; 09:56:02,2702,2301,3.595334
07.02.2023 ; 09:56:04,2704,2306,3.602913
07.02.2023 ; 09:56:06,2706,2309,3.607697
07.02.2023 ; 09:56:08,2708,2311,3.611554
07.02.2023 ; 09:56:10,2710,2318,3.621119
07.02.2023 ; 09:56:12,2712,2312,3.612888
07.02.2023 ; 09:56:14,2714,2305,3.602014
07.02.2023 ; 09:56:16,2716,2307,3.605197
07.02.2023 ; 09:56:18,2718,2315,3.61734
07.02.2023 ; 09:56:20,2720,2305,3.601501
07.02.2023 ; 09:56:22,2722,2317,3.620568
07.02.2023 ; 09:56:24,2724,2314,3.615453
07.02.2023 ; 09:56:26,2726,2314,3.614875
07.02.2023 ; 09:56:28,2728,2317,3.620435
07.02.2023 ; 09:56:30,2730,2306,3.602873
07.02.2023 ; 09:56:32,2732,2317,3.620864
07.02.2023 ; 09:56:34,2734,2307,3.605259
07.02.2023 ; 09:56:36,2736,2300,3.593502
07.02.2023 ; 09:56:38,2738,2311,3.610177
07.02.2023 ; 09:56:40,2740,2319,3.624204
07.02.2023 ; 09:56:42,2742,2308,3.605677
07.02.2023 ; 09:56:44,2744,2306,3.603734
07.02.2023 ; 09:56:46,2746,2305,3.602258
07.02.2023 ; 09:56:48,2748,2310,3.60921
07.02.2023 ; 09:56:50,2750,2307,3.604791
07.02.2023 ; 09:56:52,2752,2308,3.606679
07.02.2023 ; 09:56:54,2754,2307,3.60499
07.02.2023 ; 09:56:56,2756,2312,3.612904
07.02.2023 ; 09:56:58,2758,2308,3.606618
07.02.2023 ; 09:57:00,2760,2308,3.605489
07.02.2023 ; 09:57:02,2762,2303,3.597848
07.02.2023 ; 09:57:04,2764,2311,3.611599
07.02.2023 ; 09:57:06,2766,2308,3.605831
07.02.2023 ; 09:57:08,2768,2313,3.614508
07.02.2023 ; 09:57:10,2770,2306,3.603324
07.02.2023 ; 09:57:12,2772,2307,3.603969
07.02.2023 ; 09:57:14,2774,2305,3.6011
07.02.2023 ; 09:57:16,2776,2306,3.603497
07.02.2023 ; 09:57:18,2778,2310,3.608676
07.02.2023 ; 09:57:20,2780,2304,3.600353
07.02.2023 ; 09:57:22,2782,2303,3.59807
07.02.2023 ; 09:57:24,2784,2304,3.600425
07.02.2023 ; 09:57:26,2786,2301,3.595188
07.02.2023 ; 09:57:28,2788,2312,3.611847
07.02.2023 ; 09:57:30,2790,2303,3.598243
07.02.2023 ; 09:57:32,2792,2314,3.615225
07.02.2023 ; 09:57:34,2794,2305,3.601726
07.02.2023 ; 09:57:36,2796,2303,3.598023
07.02.2023 ; 09:57:38,2798,2306,3.602814
07.02.2023 ; 09:57:40,2800,2310,3.609561
07.02.2023 ; 09:57:42,2802,2317,3.620609
07.02.2023 ; 09:57:44,2804,2314,3.616118
07.02.2023 ; 09:57:46,2806,2308,3.606823
07.02.2023 ; 09:57:48,2808,2305,3.601337
07.02.2023 ; 09:57:50,2810,2305,3.602207
07.02.2023 ; 09:57:52,2812,2306,3.602596
07.02.2023 ; 09:57:54,2814,2307,3.605023
07.02.2023 ; 09:57:56,2816,2306,3.603217
07.02.2023 ; 09:57:58,2818,2306,3.603083
07.02.2023 ; 09:58:00,2820,2308,3.605469
07.02.2023 ; 09:58:02,2822,2310,3.608758
07.02.2023 ; 09:58:04,2824,2317,3.620406
07.02.2023 ; 09:58:06,2826,2302,3.596538
07.02.2023 ; 09:58:08,2828,2317,3.620506
07.02.2023 ; 09:58:10,2830,2320,3.624782
07.02.2023 ; 09:58:12,2832,2311,3.610549
07.02.2023 ; 09:58:14,2834,2307,3.604283
07.02.2023 ; 09:58:16,2836,2317,3.620658
07.02.2023 ; 09:58:18,2838,2315,3.616622
07.02.2023 ; 09:58:20,2840,2311,3.611484
07.02.2023 ; 09:58:22,2842,2322,3.628126
07.02.2023 ; 09:58:24,2844,2323,3.629411
07.02.2023 ; 09:58:26,2846,2306,3.603612
07.02.2023 ; 09:58:28,2848,2317,3.619793
07.02.2023 ; 09:58:30,2850,2316,3.618023
07.02.2023 ; 09:58:32,2852,2317,3.620659
07.02.2023 ; 09:58:34,2854,2306,3.603135
07.02.2023 ; 09:58:36,2856,2301,3.595926
07.02.2023 ; 09:58:38,2858,2301,3.595917
07.02.2023 ; 09:58:40,2860,2319,3.624267
07.02.2023 ; 09:58:42,2862,2319,3.622782
07.02.2023 ; 09:58:44,2864,2318,3.622293
07.02.2023 ; 09:58:46,2866,2314,3.615832
07.02.2023 ; 09:58:48,2868,2312,3.612696
07.02.2023 ; 09:58:50,2870,2314,3.615555
07.02.2023 ; 09:58:52,2872,2290,3.578012
07.02.2023 ; 09:58:54,2874,2299,3.592548
07.02.2023 ; 09:58:56,2876,2304,3.600065
07.02.2023 ; 09:58:58,2878,2330,3.640309
07.02.2023 ; 09:59:00,2880,2347,3.667054
07.02.2023 ; 09:59:02,2882,2318,3.621149
07.02.2023 ; 09:59:04,2884,2315,3.616485
07.02.2023 ; 09:59:06,2886,2303,3.598793
07.02.2023 ; 09:59:08,2888,2310,3.608925
07.02.2023 ; 09:59:10,2890,2308,3.605336
07.02.2023 ; 09:59:12,2892,2309,3.608578
07.02.2023 ; 09:59:14,2894,2307,3.604883
07.02.2023 ; 09:59:16,2896,2309,3.608858
07.02.2023 ; 09:59:18,2898,2316,3.618268
07.02.2023 ; 09:59:20,2900,2304,3.600426
07.02.2023 ; 09:59:22,2902,2300,3.592987
07.02.2023 ; 09:59:24,2904,2295,3.586084
07.02.2023 ; 09:59:26,2906,2311,3.611878
07.02.2023 ; 09:59:28,2908,2298,3.59128
07.02.2023 ; 09:59:30,2910,2306,3.603048
07.02.2023 ; 09:59:32,2912,2314,3.61539
07.02.2023 ; 09:59:34,2914,2318,3.622121
07.02.2023 ; 09:59:36,2916,2323,3.628948
07.02.2023 ; 09:59:38,2918,2317,3.621041
07.02.2023 ; 09:59:40,2920,2313,3.61335
07.02.2023 ; 09:59:42,2922,2317,3.619841
07.02.2023 ; 09:59:44,2924,2309,3.607224
07.02.2023 ; 09:59:46,2926,2314,3.615552
07.02.2023 ; 09:59:48,2928,2304,3.60023
07.02.2023 ; 09:59:50,2930,2309,3.60837
07.02.2023 ; 09:59:52,2932,2305,3.602205
07.02.2023 ; 09:59:54,2934,2307,3.605435
07.02.2023 ; 09:59:56,2936,2311,3.610816
07.02.2023 ; 09:59:58,2938,2303,3.597998
07.02.2023 ; 10:00:00,2940,2309,3.608054
07.02.2023 ; 10:00:02,2942,2317,3.620749
07.02.2023 ; 10:00:04,2944,2309,3.608402
07.02.2023 ; 10:00:06,2946,2307,3.603739
07.02.2023 ; 10:00:08,2948,2311,3.611618
07.02.2023 ; 10:00:10,2950,2317,3.619777
07.02.2023 ; 10:00:12,2952,2305,3.601069
07.02.2023 ; 10:00:14,2954,2314,3.614949
07.02.2023 ; 10:00:16,2956,2310,3.610114
07.02.2023 ; 10:00:18,2958,2327,3.636498
07.02.2023 ; 10:00:20,2960,2316,3.618534
07.02.2023 ; 10:00:22,2962,2302,3.597096
07.02.2023 ; 10:00:24,2964,2312,3.613385
07.02.2023 ; 10:00:26,2966,2318,3.620654
07.02.2023 ; 10:00:28,2968,2311,3.611071
07.02.2023 ; 10:00:30,2970,2316,3.61915
07.02.2023 ; 10:00:32,2972,2314,3.615131
07.02.2023 ; 10:00:34,2974,2314,3.615699
07.02.2023 ; 10:00:36,2976,2313,3.614049
07.02.2023 ; 10:00:38,2978,2310,3.609869
07.02.2023 ; 10:00:40,2980,2317,3.620375
07.02.2023 ; 10:00:42,2982,2316,3.618509
07.02.2023 ; 10:00:44,2984,2310,3.609436
07.02.2023 ; 10:00:46,2986,2312,3.612089
07.02.2023 ; 10:00:48,2988,2314,3.615541
07.02.2023 ; 10:00:50,2990,2303,3.598972
07.02.2023 ; 10:00:52,2992,2302,3.597425
07.02.2023 ; 10:00:54,2994,2297,3.589482
07.02.2023 ; 10:00:56,2996,2312,3.612999
07.02.2023 ; 10:00:58,2998,2312,3.61172
07.02.2023 ; 10:01:00,3000,2307,3.605206
07.02.2023 ; 10:01:02,3002,2294,3.584442
07.02.2023 ; 10:01:04,3004,2302,3.596143
07.02.2023 ; 10:01:06,3006,2313,3.613417
07.02.2023 ; 10:01:08,3008,2315,3.616913
07.02.2023 ; 10:01:10,3010,2316,3.618028
07.02.2023 ; 10:01:12,3012,2326,3.634164
07.02.2023 ; 10:01:14,3014,2327,3.63581
07.02.2023 ; 10:01:16,3016,2328,3.637117
07.02.2023 ; 10:01:18,3018,2314,3.616004
07.02.2023 ; 10:01:20,3020,2320,3.625311
07.02.2023 ; 10:01:22,3022,2316,3.617859
07.02.2023 ; 10:01:24,3024,2318,3.622113
07.02.2023 ; 10:01:26,3026,2324,3.63168
07.02.2023 ; 10:01:28,3028,2319,3.623154
07.02.2023 ; 10:01:30,3030,2320,3.625726
07.02.2023 ; 10:01:32,3032,2317,3.61959
07.02.2023 ; 10:01:34,3034,2323,3.630093
07.02.2023 ; 10:01:36,3036,2312,3.612724
07.02.2023 ; 10:01:38,3038,2314,3.616153
07.02.2023 ; 10:01:40,3040,2312,3.613125
07.02.2023 ; 10:01:42,3042,2321,3.626178
07.02.2023 ; 10:01:44,3044,2321,3.626469
07.02.2023 ; 10:01:46,3046,2318,3.622261
07.02.2023 ; 10:01:48,3048,2315,3.616617
07.02.2023 ; 10:01:50,3050,2316,3.619387
07.02.2023 ; 10:01:52,3052,2322,3.6288
07.02.2023 ; 10:01:54,3054,2323,3.630122
07.02.2023 ; 10:01:56,3056,2325,3.633265
07.02.2023 ; 10:01:58,3058,2323,3.629977
07.02.2023 ; 10:02:00,3060,2326,3.635001
07.02.2023 ; 10:02:02,3062,2333,3.645686
07.02.2023 ; 10:02:04,3064,2324,3.630783
07.02.2023 ; 10:02:06,3066,2315,3.617331
07.02.2023 ; 10:02:08,3068,2326,3.635278
07.02.2023 ; 10:02:10,3070,2331,3.641665
07.02.2023 ; 10:02:12,3072,2314,3.615488
07.02.2023 ; 10:02:14,3074,2323,3.629291
07.02.2023 ; 10:02:16,3076,2317,3.619995
07.02.2023 ; 10:02:18,3078,2326,3.634012
07.02.2023 ; 10:02:20,3080,2326,3.634957
07.02.2023 ; 10:02:22,3082,2320,3.624373
07.02.2023 ; 10:02:24,3084,2320,3.624703
07.02.2023 ; 10:02:26,3086,2316,3.618725
07.02.2023 ; 10:02:28,3088,2315,3.618092
07.02.2023 ; 10:02:30,3090,2309,3.608199
07.02.2023 ; 10:02:32,3092,2313,3.613975
07.02.2023 ; 10:02:34,3094,2316,3.61892
07.02.2023 ; 10:02:36,3096,2315,3.616853
07.02.2023 ; 10:02:38,3098,2314,3.615553
07.02.2023 ; 10:02:40,3100,2312,3.611911
07.02.2023 ; 10:02:42,3102,2313,3.614044
07.02.2023 ; 10:02:44,3104,2313,3.614145
07.02.2023 ; 10:02:46,3106,2310,3.609304
07.02.2023 ; 10:02:48,3108,2593,4.051806
07.02.2023 ; 10:02:50,3110,2407,3.760188
07.02.2023 ; 10:02:52,3112,2345,3.664337
07.02.2023 ; 10:02:54,3114,2326,3.633769
07.02.2023 ; 10:02:56,3116,2311,3.61102
07.02.2023 ; 10:02:58,3118,2316,3.618953
07.02.2023 ; 10:03:00,3120,2298,3.59026
07.02.2023 ; 10:03:02,3122,2287,3.572904
07.02.2023 ; 10:03:04,3124,2314,3.61563
07.02.2023 ; 10:03:06,3126,2733,4.270929
07.02.2023 ; 10:03:08,3128,2498,3.902486
07.02.2023 ; 10:03:10,3130,2429,3.794935
07.02.2023 ; 10:03:12,3132,2384,3.725598
07.02.2023 ; 10:03:14,3134,2350,3.671567
07.02.2023 ; 10:03:16,3136,2338,3.652717
07.02.2023 ; 10:03:18,3138,2329,3.639007
07.02.2023 ; 10:03:20,3140,2322,3.627522